"id","created","used","key","amount","description","end","status"
1,"2014-09-18 14:25:16",NULL,17300000,799,"big","2016-09-18","ACTIVE"
2,"2014-09-18 14:25:16",NULL,17300001,799,"big","2016-09-18","ACTIVE"
3,"2014-09-18 14:25:16",NULL,17300002,799,"big","2016-09-18","ACTIVE"
4,"2014-09-18 14:25:16",NULL,17300003,799,"big","2016-09-18","ACTIVE"
5,"2014-09-18 14:25:16",NULL,17300004,799,"big","2016-09-18","ACTIVE"
6,"2014-09-18 14:25:16",NULL,17300005,799,"big","2016-09-18","ACTIVE"
7,"2014-09-18 14:25:16",NULL,17300006,799,"big","2016-09-18","ACTIVE"
8,"2014-09-18 14:25:16",NULL,17300007,799,"big","2016-09-18","ACTIVE"
9,"2014-09-18 14:25:40",NULL,17300008,499,"large","2016-09-18","ACTIVE"
10,"2014-09-18 14:25:40",NULL,17300009,499,"large","2016-09-18","ACTIVE"
11,"2014-09-18 14:25:40",NULL,17300010,499,"large","2016-09-18","ACTIVE"
12,"2014-09-18 14:25:40",NULL,17300011,499,"large","2016-09-18","ACTIVE"
13,"2014-09-18 14:25:40",NULL,17300012,499,"large","2016-09-18","ACTIVE"
14,"2014-09-18 14:25:40",NULL,17300013,499,"large","2016-09-18","ACTIVE"
15,"2014-09-18 14:25:40",NULL,17300014,499,"large","2016-09-18","ACTIVE"
16,"2014-09-18 14:25:40",NULL,17300015,499,"large","2016-09-18","ACTIVE"
17,"2014-09-18 14:26:01",NULL,17300016,399,"medium","2016-09-18","ACTIVE"
18,"2014-09-18 14:26:01",NULL,17300017,399,"medium","2016-09-18","ACTIVE"
19,"2014-09-18 14:26:01",NULL,17300018,399,"medium","2016-09-18","ACTIVE"
20,"2014-09-18 14:26:01",NULL,17300019,399,"medium","2016-09-18","ACTIVE"
21,"2014-09-18 14:26:01",NULL,17300020,399,"medium","2016-09-18","ACTIVE"
22,"2014-09-18 14:26:01",NULL,17300021,399,"medium","2016-09-18","ACTIVE"
23,"2014-09-18 14:26:01",NULL,17300022,399,"medium","2016-09-18","ACTIVE"
24,"2014-09-18 14:26:01",NULL,17300023,399,"medium","2016-09-18","ACTIVE"
25,"2014-09-18 14:26:01",NULL,17300024,399,"medium","2016-09-18","ACTIVE"
26,"2014-09-18 14:26:01",NULL,17300025,399,"medium","2016-09-18","ACTIVE"
27,"2014-09-18 14:26:01",NULL,17300026,399,"medium","2016-09-18","ACTIVE"
28,"2014-09-18 14:26:01",NULL,17300027,399,"medium","2016-09-18","ACTIVE"
29,"2014-09-18 14:26:01",NULL,17300028,399,"medium","2016-09-18","ACTIVE"
30,"2014-09-18 14:26:01",NULL,17300029,399,"medium","2016-09-18","ACTIVE"
31,"2014-09-18 14:26:01",NULL,17300030,399,"medium","2016-09-18","ACTIVE"
32,"2014-09-18 14:26:01",NULL,17300031,399,"medium","2016-09-18","ACTIVE"
33,"2014-09-18 14:26:01",NULL,17300032,399,"medium","2016-09-18","ACTIVE"
34,"2014-09-18 14:26:01",NULL,17300033,399,"medium","2016-09-18","ACTIVE"
35,"2014-09-18 14:26:01",NULL,17300034,399,"medium","2016-09-18","ACTIVE"
36,"2014-09-18 14:26:01",NULL,17300035,399,"medium","2016-09-18","ACTIVE"
37,"2014-09-18 14:26:26",NULL,17300036,349,"small","2016-09-18","ACTIVE"
38,"2014-09-18 14:26:26",NULL,17300037,349,"small","2016-09-18","ACTIVE"
39,"2014-09-18 14:26:26",NULL,17300038,349,"small","2016-09-18","ACTIVE"
40,"2014-09-18 14:26:26",NULL,17300039,349,"small","2016-09-18","ACTIVE"
41,"2014-09-18 14:26:26",NULL,17300040,349,"small","2016-09-18","ACTIVE"
42,"2014-09-18 14:26:26",NULL,17300041,349,"small","2016-09-18","ACTIVE"
43,"2014-09-18 14:26:26",NULL,17300042,349,"small","2016-09-18","ACTIVE"
44,"2014-09-18 14:26:26",NULL,17300043,349,"small","2016-09-18","ACTIVE"
45,"2014-09-18 14:26:39",NULL,17300044,299,"mini","2016-09-18","ACTIVE"
46,"2014-09-18 14:26:39",NULL,17300045,299,"mini","2016-09-18","ACTIVE"
47,"2014-09-18 14:26:39",NULL,17300046,299,"mini","2016-09-18","ACTIVE"
48,"2014-09-18 14:26:39",NULL,17300047,299,"mini","2016-09-18","ACTIVE"
49,"2014-09-18 14:26:39",NULL,17300048,299,"mini","2016-09-18","ACTIVE"
50,"2014-09-18 14:26:39",NULL,17300049,299,"mini","2016-09-18","ACTIVE"
51,"2014-09-18 14:26:39",NULL,17300050,299,"mini","2016-09-18","ACTIVE"
52,"2014-09-18 14:26:39",NULL,17300051,299,"mini","2016-09-18","ACTIVE"
